{
    "loss": 1.353553295135498,
    "accuracy": 0.3350253701210022
}