{
    "loss": 1.4581738710403442,
    "accuracy": 0.29441624879837036
}