{
    "loss": 1.3883464336395264,
    "accuracy": 0.25380709767341614
}